price,bedrooms
313000.0,3.0
2384000.0,5.0
342000.0,3.0
420000.0,3.0
550000.0,4.0
490000.0,2.0
335000.0,2.0
482000.0,4.0
452500.0,3.0
640000.0,4.0
463000.0,3.0
1400000.0,4.0
588500.0,3.0
365000.0,3.0
1200000.0,5.0
242500.0,3.0
419000.0,3.0
367500.0,4.0
257950.0,3.0
275000.0,3.0
750000.0,3.0
435000.0,4.0
626000.0,3.0
612500.0,4.0
495000.0,4.0
285000.0,3.0
615000.0,3.0
698000.0,4.0
675000.0,5.0
790000.0,3.0
382500.0,4.0
499950.0,4.0
650000.0,4.0
625000.0,4.0
400000.0,4.0
604000.0,3.0
440000.0,2.0
287200.0,3.0
403000.0,3.0
750000.0,3.0
335000.0,3.0
260000.0,4.0
308500.0,2.0
439950.0,3.0
235000.0,2.0
315000.0,3.0
437500.0,3.0
407500.0,3.0
445700.0,3.0
838000.0,4.0
630000.0,4.0
550000.0,3.0
805000.0,3.0
284000.0,3.0
470000.0,5.0
430000.0,4.0
491500.0,4.0
785000.0,5.0
385000.0,3.0
295000.0,2.0
555000.0,4.0
459990.0,3.0
625000.0,4.0
300000.0,3.0
625000.0,4.0
553000.0,2.0
379880.0,3.0
310000.0,3.0
775000.0,2.0
365000.0,3.0
331950.0,4.0
783500.0,3.0
628000.0,4.0
560000.0,3.0
900000.0,3.0
531000.0,2.0
831000.0,4.0
780000.0,4.0
755000.0,4.0
705380.0,3.0
627000.0,4.0
865000.0,4.0
580000.0,2.0
410000.0,3.0
485000.0,4.0
400000.0,2.0
549000.0,2.0
620000.0,3.0
405000.0,2.0
232000.0,2.0
800866.0,5.0
650000.0,3.0
823000.0,6.0
770000.0,3.0
524000.0,3.0
541125.0,5.0
670000.0,3.0
384900.0,5.0
406100.0,3.0
1395000.0,5.0
736500.0,4.0
570000.0,3.0
787000.0,3.0
328000.0,4.0
435000.0,5.0
499000.0,4.0
501000.0,4.0
1090000.0,4.0
400000.0,2.0
220000.0,4.0
657100.0,4.0
309950.0,4.0
300000.0,3.0
525888.0,5.0
740000.0,4.0
340000.0,5.0
398750.0,3.0
206000.0,2.0
1030000.0,5.0
600000.0,3.0
379950.0,4.0
287000.0,3.0
2280000.0,7.0
309950.0,3.0
600000.0,3.0
418000.0,3.0
449250.0,4.0
329950.0,2.0
245000.0,3.0
549000.0,4.0
800000.0,3.0
249950.0,3.0
210000.0,5.0
1425000.0,2.0
585000.0,2.0
615000.0,4.0
618500.0,3.0
487585.0,4.0
509900.0,3.0
631625.0,4.0
555000.0,3.0
340000.0,2.0
830000.0,4.0
890000.0,4.0
366750.0,3.0
415000.0,3.0
416286.0,3.0
478000.0,3.0
890000.0,5.0
419190.0,2.0
712198.0,4.0
397000.0,4.0
450000.0,2.0
353000.0,3.0
609000.0,4.0
234000.0,3.0
561000.0,3.0
469000.0,2.0
329350.0,2.0
488000.0,5.0
279900.0,3.0
606000.0,4.0
312000.0,4.0
650000.0,3.0
1135000.0,4.0
325000.0,4.0
425000.0,4.0
219000.0,2.0
250000.0,3.0
390000.0,3.0
475000.0,6.0
736000.0,4.0
407000.0,4.0
272000.0,3.0
362000.0,3.0
535000.0,3.0
284000.0,4.0
367500.0,3.0
379900.0,4.0
520000.0,3.0
175000.0,3.0
460000.0,2.0
345000.0,4.0
455000.0,5.0
610000.0,4.0
563000.0,4.0
612500.0,4.0
218000.0,3.0
404000.0,4.0
860000.0,4.0
136500.0,3.0
313950.0,3.0
575000.0,3.0
1225000.0,4.0
280000.0,3.0
515000.0,3.0
513000.0,4.0
599000.0,4.0
685000.0,4.0
365000.0,3.0
762300.0,4.0
1580000.0,4.0
562000.0,5.0
530000.0,5.0
525000.0,3.0
484000.0,2.0
725126.0,4.0
360000.0,4.0
387000.0,3.0
483500.0,4.0
655500.0,4.0
345000.0,3.0
533000.0,5.0
385000.0,3.0
675000.0,2.0
197000.0,3.0
485000.0,3.0
1870000.0,5.0
295000.0,3.0
499000.0,2.0
1050000.0,3.0
191000.0,3.0
500000.0,3.0
390000.0,5.0
979000.0,3.0
580000.0,4.0
369950.0,3.0
1800000.0,5.0
776000.0,4.0
519950.0,3.0
255000.0,5.0
495000.0,3.0
510000.0,4.0
1150000.0,4.0
253000.0,3.0
503000.0,3.0
275000.0,3.0
249000.0,3.0
310000.0,3.0
750000.0,3.0
630000.0,3.0
599999.0,9.0
758000.0,4.0
248500.0,4.0
310000.0,3.0
460000.0,3.0
675000.0,3.0
526000.0,2.0
560000.0,3.0
415000.0,4.0
246000.0,3.0
314500.0,3.0
3200000.0,7.0
420000.0,2.0
535000.0,3.0
350000.0,3.0
515000.0,3.0
749950.0,4.0
230000.0,3.0
568000.0,3.0
250000.0,1.0
581000.0,4.0
651000.0,3.0
600000.0,3.0
500000.0,2.0
475000.0,2.0
352000.0,5.0
420000.0,3.0
428000.0,2.0
599000.0,3.0
492000.0,4.0
630000.0,2.0
900000.0,5.0
1110000.0,4.0
575000.0,4.0
705000.0,4.0
940000.0,4.0
313000.0,3.0
618080.0,3.0
640000.0,3.0
485000.0,3.0
300000.0,2.0
379500.0,2.0
339950.0,3.0
1500000.0,6.0
1340000.0,3.0
500000.0,3.0
239900.0,3.0
314950.0,3.0
361280.0,2.0
100000.0,2.0
540000.0,7.0
480500.0,4.0
280000.0,3.0
440000.0,3.0
530000.0,3.0
560000.0,3.0
775000.0,3.0
160000.0,2.0
209950.0,3.0
226500.0,3.0
380000.0,5.0
409500.0,4.0
690000.0,3.0
405000.0,3.0
375000.0,3.0
794154.0,4.0
185000.0,4.0
245000.0,3.0
1532500.0,5.0
1040000.0,4.0
425000.0,2.0
495000.0,4.0
365000.0,5.0
417250.0,3.0
339950.0,2.0
615000.0,2.0
403000.0,3.0
980000.0,5.0
258000.0,4.0
533000.0,3.0
537500.0,4.0
830000.0,5.0
712000.0,3.0
262000.0,4.0
753888.0,4.0
134000.0,2.0
402000.0,3.0
205000.0,2.0
553650.0,2.0
559950.0,2.0
260000.0,4.0
270000.0,4.0
295000.0,2.0
719000.0,3.0
266000.0,3.0
325900.0,4.0
647500.0,4.0
1039000.0,4.0
569000.0,4.0
246000.0,3.0
515000.0,2.0
207000.0,3.0
780000.0,4.0
489990.0,5.0
335000.0,3.0
295000.0,3.0
385000.0,3.0
350000.0,4.0
235000.0,2.0
358000.0,2.0
716500.0,4.0
228000.0,4.0
405000.0,2.0
538000.0,4.0
530000.0,3.0
1750000.0,6.0
636000.0,2.0
535000.0,4.0
1500000.0,3.0
868500.0,3.0
530000.0,4.0
450000.0,3.0
230000.0,3.0
229000.0,3.0
437000.0,3.0
1307000.0,5.0
595000.0,3.0
660000.0,3.0
347500.0,4.0
297950.0,3.0
245000.0,3.0
543200.0,6.0
1250000.0,4.0
413450.0,3.0
330000.0,2.0
424500.0,3.0
230000.0,3.0
930000.0,3.0
349000.0,3.0
835000.0,4.0
988500.0,3.0
500000.0,3.0
499000.0,2.0
321950.0,2.0
494000.0,3.0
441750.0,2.0
438000.0,2.0
985000.0,4.0
352000.0,3.0
839900.0,4.0
765000.0,4.0
460000.0,4.0
224500.0,4.0
254000.0,3.0
255000.0,2.0
610000.0,3.0
920000.0,4.0
402500.0,4.0
280950.0,3.0
604000.0,4.0
565000.0,4.0
255000.0,2.0
445000.0,4.0
2400000.0,3.0
195000.0,2.0
275000.0,3.0
387000.0,3.0
490000.0,2.0
505000.0,3.0
303500.0,3.0
270000.0,3.0
323000.0,4.0
382000.0,3.0
1370000.0,4.0
280000.0,4.0
260000.0,3.0
201500.0,3.0
1157200.0,4.0
536500.0,4.0
248000.0,4.0
532000.0,5.0
580000.0,4.0
463000.0,2.0
742500.0,4.0
260000.0,3.0
590000.0,4.0
312000.0,4.0
566000.0,3.0
511555.0,3.0
583000.0,4.0
290000.0,4.0
311100.0,4.0
325000.0,3.0
491300.0,3.0
315000.0,5.0
360000.0,2.0
330000.0,4.0
481450.0,3.0
234950.0,3.0
251000.0,3.0
782000.0,4.0
833000.0,4.0
542500.0,4.0
851000.0,3.0
325000.0,4.0
415000.0,4.0
252500.0,3.0
465000.0,4.0
336900.0,3.0
225000.0,3.0
270000.0,3.0
1702500.0,5.0
536000.0,3.0
585000.0,4.0
445000.0,2.0
320000.0,4.0
769900.0,4.0
557000.0,4.0
212000.0,2.0
376000.0,3.0
800000.0,4.0
2238888.0,5.0
324000.0,3.0
549900.0,5.0
320000.0,3.0
875000.0,4.0
265000.0,4.0
394950.0,3.0
842500.0,4.0
368000.0,3.0
1225000.0,4.0
885000.0,4.0
453246.0,3.0
927000.0,4.0
490000.0,2.0
341000.0,3.0
235000.0,1.0
1200000.0,3.0
560000.0,3.0
900000.0,4.0
255000.0,2.0
1575000.0,5.0
876650.0,3.0
540000.0,4.0
350000.0,2.0
750000.0,4.0
582000.0,4.0
1315000.0,4.0
372500.0,5.0
410000.0,3.0
360000.0,4.0
1015000.0,3.0
225000.0,3.0
647000.0,4.0
950000.0,5.0
185000.0,3.0
335000.0,3.0
210000.0,3.0
522000.0,4.0
770000.0,3.0
499950.0,3.0
751000.0,4.0
330000.0,5.0
465000.0,3.0
850000.0,4.0
947500.0,4.0
302000.0,5.0
500000.0,2.0
201000.0,3.0
265000.0,2.0
870300.0,4.0
339000.0,3.0
690000.0,4.0
788000.0,4.0
315275.0,3.0
505000.0,4.0
368000.0,3.0
947500.0,3.0
156000.0,3.0
610000.0,4.0
420000.0,2.0
192000.0,2.0
910000.0,3.0
1300000.0,4.0
1346400.0,5.0
840000.0,4.0
300000.0,2.0
505000.0,4.0
110000.0,3.0
746000.0,3.0
211000.0,3.0
675000.0,4.0
734200.0,4.0
1225000.0,4.0
615000.0,2.0
630000.0,4.0
1264000.0,4.0
301500.0,2.0
369000.0,2.0
635000.0,3.0
1033888.0,4.0
383000.0,4.0
1050000.0,4.0
455000.0,4.0
819900.0,5.0
625000.0,3.0
651000.0,4.0
480000.0,5.0
757000.0,3.0
460000.0,3.0
267345.0,4.0
530000.0,2.0
449500.0,3.0
289000.0,3.0
373000.0,5.0
525000.0,5.0
777000.0,3.0
550000.0,4.0
523000.0,3.0
628000.0,4.0
581000.0,4.0
245000.0,5.0
415000.0,3.0
1895000.0,5.0
225000.0,3.0
287000.0,3.0
799200.0,6.0
239950.0,3.0
591000.0,3.0
700000.0,3.0
475000.0,4.0
575000.0,3.0
771000.0,3.0
155000.0,2.0
550000.0,7.0
645000.0,3.0
464000.0,5.0
1050000.0,4.0
350000.0,3.0
591000.0,4.0
2555000.0,4.0
717000.0,3.0
225000.0,4.0
225000.0,3.0
345000.0,3.0
230000.0,2.0
385000.0,3.0
90000.0,2.0
860000.0,4.0
675000.0,4.0
975000.0,4.0
780000.0,3.0
370000.0,3.0
665000.0,3.0
675000.0,5.0
620000.0,3.0
1105000.0,4.0
450000.0,3.0
450000.0,3.0
530000.0,3.0
635000.0,4.0
580000.0,5.0
1550000.0,5.0
285000.0,3.0
375000.0,3.0
1400000.0,5.0
560000.0,3.0
405000.0,4.0
413000.0,4.0
287600.0,3.0
1680000.0,5.0
225000.0,3.0
319000.0,3.0
322500.0,3.0
570000.0,3.0
465000.0,3.0
435000.0,4.0
502000.0,4.0
525000.0,3.0
525000.0,3.0
660000.0,4.0
870000.0,4.0
650000.0,4.0
505000.0,4.0
330000.0,3.0
385000.0,4.0
306000.0,3.0
546000.0,3.0
925000.0,4.0
542000.0,4.0
800000.0,3.0
620000.0,5.0
175000.0,2.0
740000.0,5.0
345000.0,3.0
510000.0,3.0
530000.0,4.0
155000.0,2.0
266000.0,3.0
257200.0,3.0
265000.0,3.0
372220.0,3.0
337500.0,5.0
582500.0,2.0
489200.0,3.0
405100.0,2.0
372977.0,3.0
310000.0,3.0
538000.0,3.0
1400000.0,3.0
317000.0,3.0
702500.0,3.0
565000.0,4.0
723000.0,4.0
766950.0,3.0
682000.0,3.0
325000.0,3.0
543000.0,3.0
525000.0,3.0
364000.0,4.0
394475.0,2.0
316000.0,4.0
339950.0,3.0
486000.0,4.0
160000.0,3.0
930000.0,3.0
139000.0,3.0
562000.0,3.0
299000.0,2.0
511000.0,3.0
499000.0,3.0
356000.0,3.0
470000.0,4.0
715000.0,4.0
1120000.0,4.0
458000.0,3.0
966000.0,5.0
305495.0,3.0
543000.0,2.0
340000.0,3.0
633100.0,4.0
310000.0,3.0
349950.0,5.0
267800.0,2.0
234000.0,4.0
740000.0,4.0
607500.0,5.0
223000.0,3.0
400000.0,2.0
802000.0,3.0
253000.0,4.0
1058000.0,4.0
300000.0,3.0
625000.0,4.0
707000.0,4.0
950000.0,4.0
420000.0,4.0
498000.0,4.0
450000.0,3.0
955000.0,5.0
215000.0,2.0
437000.0,3.0
773000.0,3.0
1222500.0,4.0
256883.0,3.0
592500.0,4.0
252350.0,3.0
370000.0,4.0
465750.0,3.0
185000.0,3.0
582800.0,4.0
245000.0,3.0
302000.0,4.0
451555.0,2.0
250000.0,3.0
255000.0,4.0
840000.0,4.0
190000.0,3.0
349950.0,3.0
613000.0,4.0
300000.0,3.0
455000.0,3.0
335000.0,3.0
197500.0,3.0
412500.0,3.0
395300.0,3.0
342400.0,3.0
749400.0,4.0
316500.0,4.0
390000.0,3.0
225000.0,3.0
550000.0,3.0
280000.0,3.0
1255000.0,4.0
575000.0,2.0
1000000.0,5.0
585000.0,5.0
620000.0,4.0
204700.0,4.0
695000.0,4.0
689900.0,4.0
375000.0,4.0
475000.0,7.0
215000.0,3.0
2100000.0,4.0
790000.0,3.0
350000.0,3.0
695000.0,3.0
263000.0,3.0
400000.0,3.0
525000.0,3.0
349950.0,3.0
1085000.0,4.0
744000.0,4.0
312500.0,2.0
240000.0,3.0
495000.0,4.0
580050.0,3.0
640000.0,4.0
417000.0,3.0
174950.0,3.0
295000.0,3.0
423000.0,4.0
839000.0,3.0
343000.0,4.0
467000.0,3.0
512500.0,3.0
575000.0,4.0
465000.0,3.0
270000.0,3.0
340000.0,3.0
765000.0,5.0
497000.0,4.0
803100.0,4.0
344000.0,3.0
828950.0,4.0
386380.0,3.0
312000.0,3.0
720000.0,3.0
914500.0,4.0
819995.0,5.0
252700.0,2.0
437500.0,3.0
350000.0,1.0
619000.0,3.0
408200.0,3.0
451000.0,3.0
317000.0,3.0
799000.0,4.0
720000.0,2.0
490000.0,3.0
239900.0,4.0
446000.0,4.0
275000.0,3.0
239950.0,5.0
248000.0,4.0
619500.0,3.0
363750.0,3.0
385000.0,3.0
370000.0,4.0
425000.0,3.0
342000.0,3.0
345000.0,4.0
724800.0,3.0
725000.0,5.0
605000.0,2.0
350000.0,4.0
785000.0,3.0
250000.0,3.0
565000.0,3.0
875000.0,3.0
862500.0,4.0
400000.0,3.0
282613.0,2.0
174500.0,2.0
306500.0,3.0
445000.0,3.0
433000.0,4.0
306000.0,3.0
620000.0,3.0
245000.0,2.0
238000.0,3.0
523000.0,3.0
522500.0,3.0
180000.0,3.0
375000.0,3.0
249000.0,3.0
730100.0,4.0
551000.0,2.0
375000.0,4.0
540000.0,1.0
605000.0,3.0
205000.0,5.0
645000.0,4.0
314000.0,4.0
330000.0,3.0
490000.0,2.0
445000.0,3.0
2000000.0,5.0
377500.0,3.0
480000.0,4.0
804995.0,5.0
341000.0,3.0
675000.0,5.0
611000.0,3.0
379950.0,3.0
1270000.0,4.0
500000.0,2.0
410000.0,3.0
415000.0,3.0
297000.0,5.0
575550.0,4.0
534640.0,3.0
352500.0,3.0
488000.0,2.0
732000.0,3.0
215000.0,2.0
592500.0,2.0
290000.0,4.0
475000.0,2.0
320000.0,3.0
1216000.0,4.0
290000.0,5.0
487250.0,4.0
339000.0,4.0
440000.0,2.0
366500.0,4.0
462000.0,3.0
560000.0,4.0
285000.0,4.0
280000.0,3.0
210000.0,3.0
690000.0,3.0
256500.0,2.0
411000.0,4.0
215000.0,3.0
762000.0,5.0
359950.0,3.0
480000.0,4.0
1405000.0,4.0
390000.0,4.0
413500.0,2.0
285000.0,1.0
475000.0,4.0
386591.0,3.0
524950.0,3.0
241000.0,2.0
461000.0,2.0
810000.0,4.0
885000.0,4.0
247000.0,3.0
296500.0,3.0
141800.0,2.0
333000.0,4.0
602000.0,5.0
565000.0,4.0
373000.0,3.0
588000.0,3.0
485000.0,3.0
482500.0,3.0
251200.0,4.0
869000.0,5.0
464000.0,3.0
755000.0,4.0
280000.0,3.0
485000.0,2.0
305000.0,3.0
110700.0,2.0
850000.0,4.0
350000.0,3.0
319950.0,4.0
700000.0,3.0
368000.0,2.0
433500.0,3.0
611000.0,4.0
1000000.0,2.0
307000.0,3.0
442500.0,3.0
485000.0,3.0
367000.0,2.0
429000.0,3.0
446000.0,5.0
572500.0,3.0
477000.0,3.0
518000.0,3.0
462000.0,5.0
1190000.0,4.0
137000.0,3.0
530000.0,3.0
818000.0,2.0
640000.0,2.0
298450.0,5.0
575000.0,4.0
730000.0,4.0
551000.0,3.0
271310.0,2.0
675000.0,4.0
479000.0,3.0
520000.0,4.0
599950.0,3.0
483945.0,2.0
390000.0,4.0
192500.0,2.0
330000.0,2.0
250000.0,4.0
243000.0,2.0
575000.0,4.0
639000.0,4.0
710000.0,2.0
675000.0,3.0
405000.0,5.0
615000.0,4.0
490000.0,3.0
467000.0,3.0
480000.0,4.0
755000.0,6.0
760000.0,4.0
387000.0,2.0
925000.0,4.0
415000.0,2.0
263000.0,3.0
519900.0,4.0
570000.0,2.0
450000.0,3.0
1300000.0,4.0
300000.0,3.0
320000.0,3.0
387500.0,4.0
458000.0,1.0
1212500.0,4.0
380000.0,4.0
200000.0,3.0
385000.0,3.0
396675.0,2.0
452000.0,4.0
426000.0,4.0
792000.0,3.0
315000.0,3.0
1275000.0,4.0
326000.0,6.0
268500.0,2.0
440000.0,2.0
300000.0,3.0
525000.0,3.0
978000.0,4.0
1125000.0,6.0
700000.0,4.0
315000.0,2.0
309000.0,3.0
219950.0,3.0
289000.0,3.0
210000.0,4.0
260000.0,4.0
699000.0,4.0
1800000.0,4.0
299950.0,3.0
749950.0,3.0
1100000.0,3.0
555000.0,3.0
384000.0,3.0
499950.0,5.0
430000.0,3.0
350000.0,4.0
620000.0,3.0
765000.0,4.0
250000.0,4.0
376000.0,2.0
475000.0,4.0
120750.0,3.0
1690000.0,3.0
330000.0,3.0
619500.0,3.0
345000.0,3.0
598000.0,5.0
335000.0,3.0
372500.0,4.0
300000.0,6.0
194000.0,1.0
507500.0,3.0
325000.0,4.0
329900.0,3.0
329000.0,4.0
494000.0,4.0
206000.0,4.0
423000.0,4.0
259000.0,3.0
879950.0,4.0
345600.0,5.0
395000.0,3.0
625000.0,4.0
439000.0,3.0
380000.0,3.0
440000.0,3.0
415000.0,3.0
860000.0,4.0
500000.0,3.0
953007.0,4.0
515000.0,4.0
772000.0,3.0
329995.0,4.0
409316.0,3.0
490000.0,5.0
305000.0,2.0
785000.0,4.0
240000.0,2.0
325000.0,3.0
535800.0,4.0
720000.0,3.0
374000.0,3.0
189650.0,2.0
420850.0,1.0
815000.0,4.0
1065000.0,2.0
199000.0,4.0
195000.0,3.0
1506000.0,4.0
288400.0,3.0
442000.0,4.0
619420.0,4.0
635000.0,4.0
210000.0,3.0
512500.0,3.0
567000.0,3.0
525000.0,3.0
475000.0,4.0
250000.0,3.0
220000.0,3.0
230000.0,5.0
385500.0,3.0
895000.0,5.0
368250.0,3.0
249900.0,2.0
350000.0,3.0
175000.0,3.0
270000.0,3.0
495000.0,3.0
1580000.0,3.0
542500.0,5.0
330000.0,3.0
1003000.0,4.0
299800.0,2.0
299900.0,3.0
691000.0,4.0
195000.0,2.0
405000.0,3.0
360000.0,2.0
256750.0,3.0
332500.0,3.0
975000.0,5.0
218000.0,3.0
429000.0,3.0
589000.0,4.0
255000.0,3.0
668750.0,4.0
344500.0,4.0
452000.0,4.0
540000.0,3.0
246000.0,3.0
535000.0,2.0
970000.0,4.0
430000.0,3.0
520000.0,4.0
712000.0,4.0
450000.0,2.0
220000.0,4.0
525000.0,3.0
1220000.0,4.0
540000.0,3.0
600000.0,4.0
600000.0,3.0
625000.0,4.0
150000.0,3.0
389999.0,3.0
285000.0,3.0
744000.0,4.0
700000.0,4.0
318989.0,4.0
556000.0,3.0
275000.0,3.0
430000.0,3.0
300000.0,2.0
396450.0,3.0
225000.0,2.0
700000.0,4.0
260000.0,6.0
655000.0,4.0
1185000.0,3.0
1550000.0,3.0
413800.0,3.0
950000.0,5.0
334990.0,4.0
2700000.0,5.0
1030000.0,3.0
1130000.0,4.0
556000.0,3.0
360000.0,3.0
480000.0,4.0
324000.0,3.0
1050000.0,4.0
275000.0,1.0
180000.0,3.0
749000.0,4.0
1600000.0,3.0
373500.0,2.0
770000.0,4.0
356000.0,2.0
625000.0,3.0
494400.0,2.0
585000.0,4.0
926300.0,3.0
600000.0,3.0
430000.0,4.0
307000.0,3.0
604700.0,4.0
219900.0,3.0
270000.0,2.0
432000.0,3.0
300000.0,6.0
361000.0,3.0
249950.0,2.0
320000.0,3.0
305000.0,4.0
503000.0,2.0
235750.0,2.0
657000.0,4.0
385000.0,3.0
389950.0,4.0
150000.0,2.0
254500.0,4.0
555000.0,4.0
1075000.0,4.0
245000.0,4.0
319950.0,2.0
337000.0,3.0
492000.0,4.0
1170000.0,3.0
348580.0,3.0
180000.0,2.0
400000.0,3.0
295000.0,4.0
910000.0,4.0
1150000.0,6.0
431500.0,3.0
180000.0,4.0
677000.0,3.0
1180500.0,3.0
635700.0,4.0
482000.0,5.0
168000.0,2.0
805000.0,4.0
398000.0,2.0
665000.0,4.0
592500.0,4.0
940000.0,4.0
655000.0,4.0
622500.0,4.0
380000.0,2.0
648360.0,4.0
432000.0,3.0
1050000.0,4.0
353250.0,2.0
1000000.0,4.0
320000.0,3.0
349900.0,4.0
330000.0,4.0
408000.0,3.0
321000.0,3.0
1051000.0,4.0
2150000.0,4.0
359000.0,3.0
300000.0,5.0
380000.0,5.0
660000.0,3.0
355000.0,3.0
259000.0,3.0
353000.0,1.0
430000.0,2.0
460000.0,3.0
80000.0,1.0
782000.0,4.0
218000.0,3.0
325000.0,3.0
980000.0,4.0
902000.0,4.0
556000.0,5.0
662990.0,3.0
225000.0,2.0
439950.0,4.0
175000.0,2.0
306000.0,2.0
235000.0,4.0
399500.0,3.0
478000.0,3.0
515000.0,2.0
550000.0,3.0
149000.0,3.0
526000.0,3.0
527550.0,1.0
1050000.0,3.0
625000.0,3.0
950000.0,5.0
377691.0,5.0
648475.0,4.0
383000.0,3.0
535000.0,3.0
449950.0,3.0
465425.0,4.0
675000.0,4.0
599000.0,3.0
416000.0,3.0
595000.0,2.0
200000.0,4.0
402000.0,3.0
433000.0,4.0
275000.0,4.0
410000.0,3.0
554820.0,4.0
1325000.0,4.0
735000.0,3.0
607000.0,3.0
549900.0,4.0
258000.0,3.0
661254.0,4.0
945000.0,4.0
799950.0,4.0
132500.0,3.0
467100.0,3.0
1610000.0,4.0
641000.0,3.0
350000.0,3.0
335000.0,4.0
900000.0,3.0
440000.0,4.0
464600.0,3.0
1200000.0,4.0
300000.0,2.0
670500.0,4.0
552000.0,3.0
244000.0,4.0
788600.0,4.0
445000.0,3.0
530000.0,4.0
90000.0,2.0
585000.0,3.0
498000.0,2.0
379000.0,2.0
462000.0,3.0
388000.0,4.0
255000.0,3.0
665000.0,3.0
550000.0,3.0
606000.0,3.0
334000.0,4.0
360000.0,3.0
235000.0,2.0
580000.0,3.0
355000.0,3.0
375000.0,2.0
372000.0,4.0
479000.0,3.0
2000000.0,5.0
1680000.0,4.0
501000.0,2.0
245000.0,3.0
496700.0,3.0
347000.0,4.0
199000.0,2.0
440500.0,3.0
820000.0,4.0
325000.0,4.0
195000.0,3.0
675000.0,3.0
295000.0,3.0
355300.0,3.0
276000.0,3.0
460000.0,2.0
880000.0,3.0
370000.0,3.0
346000.0,4.0
172500.0,3.0
379950.0,3.0
468000.0,2.0
477000.0,4.0
529000.0,3.0
312000.0,3.0
326100.0,2.0
360000.0,3.0
438000.0,3.0
360000.0,3.0
1050000.0,4.0
688000.0,4.0
585000.0,3.0
265000.0,3.0
375000.0,3.0
326500.0,3.0
160000.0,2.0
1570000.0,4.0
735000.0,5.0
400000.0,2.0
800000.0,4.0
949880.0,4.0
405000.0,3.0
399000.0,4.0
730001.0,3.0
1795000.0,4.0
260000.0,3.0
751750.0,2.0
325000.0,3.0
344950.0,4.0
457500.0,3.0
389000.0,5.0
515000.0,4.0
732000.0,3.0
415000.0,3.0
1655000.0,4.0
535000.0,2.0
540000.0,4.0
525000.0,5.0
570000.0,3.0
569950.0,5.0
283200.0,4.0
1100000.0,3.0
830000.0,4.0
495000.0,4.0
292050.0,5.0
415000.0,5.0
295832.0,5.0
450000.0,4.0
1381000.0,4.0
857000.0,4.0
499950.0,3.0
465000.0,3.0
329000.0,3.0
475000.0,3.0
255000.0,3.0
435000.0,3.0
685000.0,3.0
715000.0,2.0
780000.0,3.0
345000.0,2.0
355000.0,4.0
282000.0,3.0
244000.0,3.0
967500.0,3.0
375000.0,3.0
1600000.0,3.0
527500.0,3.0
994000.0,3.0
313000.0,3.0
587000.0,3.0
304000.0,3.0
675000.0,3.0
305000.0,4.0
280000.0,3.0
960000.0,5.0
500000.0,3.0
274950.0,3.0
455600.0,3.0
970000.0,5.0
312900.0,4.0
535000.0,4.0
427000.0,2.0
405000.0,2.0
480000.0,3.0
725000.0,3.0
293000.0,4.0
268000.0,4.0
475000.0,4.0
488000.0,3.0
760000.0,4.0
1710000.0,5.0
754950.0,3.0
263900.0,3.0
460000.0,3.0
399950.0,3.0
370000.0,2.0
1149000.0,4.0
450800.0,4.0
627000.0,3.0
495000.0,3.0
310000.0,3.0
550000.0,4.0
215000.0,2.0
799000.0,4.0
630000.0,4.0
267000.0,3.0
900000.0,6.0
365000.0,3.0
544500.0,4.0
599000.0,4.0
815000.0,4.0
254000.0,2.0
740000.0,2.0
225000.0,3.0
925000.0,3.0
1285000.0,4.0
537000.0,3.0
335000.0,4.0
840000.0,4.0
224000.0,3.0
395000.0,3.0
450000.0,3.0
681000.0,3.0
898000.0,5.0
370000.0,3.0
429000.0,2.0
150000.0,3.0
555000.0,3.0
326000.0,3.0
225000.0,3.0
245100.0,3.0
665000.0,3.0
535000.0,3.0
305000.0,3.0
999000.0,7.0
215000.0,3.0
432500.0,3.0
655000.0,4.0
266200.0,3.0
244615.0,3.0
460000.0,4.0
370000.0,4.0
465000.0,6.0
1175000.0,3.0
189000.0,2.0
820000.0,3.0
968000.0,6.0
1400000.0,4.0
438750.0,3.0
1210000.0,4.0
600000.0,4.0
589000.0,3.0
590000.0,3.0
479900.0,3.0
210000.0,2.0
745000.0,3.0
840500.0,3.0
420000.0,3.0
565000.0,7.0
840000.0,4.0
681716.0,4.0
600000.0,3.0
380000.0,3.0
168500.0,3.0
355000.0,2.0
277000.0,4.0
236000.0,4.0
270000.0,3.0
700000.0,2.0
425000.0,4.0
635000.0,3.0
510250.0,3.0
960000.0,4.0
254000.0,3.0
299000.0,3.0
175000.0,2.0
157500.0,2.0
580000.0,5.0
124740.0,3.0
1970000.0,8.0
285000.0,2.0
242000.0,3.0
840000.0,4.0
474800.0,2.0
490000.0,4.0
465000.0,3.0
515000.0,4.0
430000.0,3.0
253400.0,3.0
355000.0,3.0
740000.0,4.0
186950.0,2.0
306000.0,3.0
510000.0,4.0
345000.0,2.0
875000.0,3.0
700000.0,4.0
1400000.0,4.0
499950.0,4.0
739000.0,3.0
363000.0,4.0
782000.0,4.0
325000.0,2.0
485000.0,4.0
452000.0,4.0
264950.0,4.0
472000.0,6.0
267500.0,3.0
565000.0,4.0
535000.0,3.0
389000.0,2.0
400000.0,4.0
264000.0,3.0
690000.0,4.0
412000.0,3.0
695000.0,3.0
246500.0,3.0
230000.0,2.0
302000.0,2.0
820000.0,4.0
145000.0,3.0
436500.0,2.0
2453500.0,4.0
672000.0,3.0
680000.0,3.0
750500.0,5.0
550000.0,5.0
266500.0,4.0
619000.0,4.0
405000.0,3.0
300000.0,2.0
231000.0,4.0
790000.0,5.0
400000.0,4.0
950000.0,4.0
450000.0,4.0
595000.0,3.0
332000.0,3.0
155000.0,3.0
400000.0,5.0
349000.0,4.0
529000.0,3.0
405000.0,5.0
635200.0,4.0
540000.0,3.0
402000.0,2.0
3100000.0,6.0
329932.0,3.0
300000.0,3.0
525000.0,5.0
2750000.0,4.0
602500.0,4.0
400000.0,4.0
445000.0,4.0
525000.0,3.0
395000.0,2.0
510000.0,3.0
723000.0,4.0
503000.0,3.0
672500.0,4.0
860000.0,3.0
475300.0,3.0
295000.0,4.0
1425000.0,4.0
250000.0,2.0
658000.0,4.0
83000.0,2.0
685000.0,3.0
210000.0,3.0
650880.0,3.0
350000.0,4.0
305000.0,2.0
645000.0,3.0
385000.0,3.0
860000.0,3.0
395000.0,4.0
260000.0,3.0
196440.0,3.0
425000.0,3.0
2400000.0,4.0
369000.0,3.0
1385000.0,6.0
349900.0,3.0
650000.0,2.0
299950.0,3.0
625000.0,4.0
190000.0,3.0
715000.0,4.0
659000.0,4.0
490000.0,3.0
415000.0,2.0
750000.0,3.0
700000.0,4.0
425000.0,3.0
642000.0,3.0
655000.0,4.0
1365000.0,3.0
458000.0,5.0
330000.0,2.0
384950.0,3.0
560000.0,3.0
950000.0,4.0
465000.0,4.0
425000.0,3.0
315000.0,3.0
530000.0,3.0
399000.0,2.0
168000.0,2.0
1886700.0,5.0
374000.0,3.0
740000.0,5.0
280000.0,2.0
322000.0,4.0
459900.0,3.0
750000.0,4.0
1256500.0,4.0
3710000.0,4.0
427000.0,5.0
800000.0,2.0
735000.0,4.0
642000.0,4.0
240000.0,3.0
645500.0,2.0
840000.0,7.0
475000.0,2.0
568000.0,4.0
325000.0,3.0
825500.0,3.0
499431.0,4.0
919204.0,4.0
545000.0,4.0
660000.0,3.0
538888.0,5.0
693000.0,3.0
289950.0,3.0
587000.0,4.0
615000.0,3.0
459000.0,3.0
243000.0,3.0
1505000.0,4.0
660000.0,4.0
1595000.0,5.0
250000.0,1.0
315000.0,3.0
404000.0,3.0
559900.0,3.0
285000.0,2.0
500000.0,3.0
380000.0,2.0
469000.0,3.0
405000.0,2.0
439900.0,2.0
525000.0,4.0
580000.0,4.0
1250000.0,5.0
275000.0,3.0
629000.0,3.0
395000.0,1.0
965000.0,4.0
820000.0,3.0
661000.0,4.0
789000.0,3.0
668500.0,4.0
350000.0,3.0
250000.0,4.0
725995.0,4.0
1000000.0,3.0
686000.0,3.0
665000.0,4.0
1965221.0,4.0
653000.0,3.0
430000.0,2.0
305000.0,2.0
809000.0,4.0
440150.0,2.0
615000.0,4.0
1035000.0,3.0
455000.0,2.0
635000.0,3.0
675000.0,3.0
316000.0,3.0
955000.0,3.0
985000.0,3.0
465500.0,3.0
305000.0,3.0
645000.0,4.0
730000.0,4.0
366000.0,3.0
290000.0,3.0
472500.0,3.0
550000.0,3.0
410000.0,4.0
440000.0,4.0
535000.0,3.0
300000.0,4.0
432500.0,3.0
870000.0,4.0
492000.0,3.0
199950.0,3.0
439800.0,3.0
320000.0,5.0
687000.0,4.0
345000.0,3.0
274950.0,3.0
270000.0,4.0
342000.0,2.0
327000.0,3.0
610000.0,5.0
455000.0,2.0
540000.0,4.0
411000.0,4.0
544000.0,3.0
802000.0,2.0
568500.0,3.0
391000.0,3.0
298000.0,3.0
400000.0,3.0
425000.0,3.0
328500.0,3.0
650000.0,5.0
850000.0,3.0
930000.0,4.0
530000.0,3.0
495000.0,4.0
500000.0,3.0
325000.0,3.0
365000.0,3.0
471000.0,4.0
223000.0,3.0
503000.0,3.0
230000.0,3.0
550000.0,4.0
1100000.0,4.0
193000.0,3.0
590000.0,4.0
712500.0,3.0
689800.0,3.0
430000.0,3.0
785200.0,3.0
474900.0,3.0
1070000.0,4.0
435000.0,3.0
941500.0,5.0
312000.0,4.0
835000.0,4.0
713250.0,3.0
440000.0,2.0
580135.0,4.0
575000.0,3.0
613000.0,3.0
235000.0,3.0
660000.0,3.0
280000.0,2.0
268000.0,3.0
235000.0,2.0
390000.0,3.0
654950.0,4.0
449500.0,5.0
150000.0,3.0
440000.0,3.0
710000.0,3.0
420000.0,3.0
312000.0,3.0
320000.0,3.0
235000.0,3.0
437000.0,5.0
545000.0,3.0
640000.0,3.0
432000.0,3.0
548000.0,3.0
830000.0,3.0
875000.0,4.0
409950.0,2.0
695000.0,4.0
562100.0,3.0
475000.0,3.0
425000.0,3.0
600000.0,4.0
770000.0,3.0
239000.0,3.0
295000.0,2.0
560000.0,3.0
613000.0,5.0
960000.0,4.0
847000.0,5.0
206000.0,3.0
253000.0,2.0
430000.0,4.0
605000.0,3.0
425000.0,2.0
720000.0,4.0
375900.0,6.0
1298000.0,4.0
210000.0,3.0
234000.0,2.0
285000.0,3.0
400000.0,3.0
718000.0,3.0
174500.0,2.0
222400.0,3.0
402500.0,3.0
250000.0,3.0
600000.0,4.0
930000.0,2.0
272500.0,3.0
363990.0,4.0
575000.0,4.0
400000.0,3.0
427874.0,3.0
309000.0,5.0
320000.0,3.0
390000.0,3.0
299000.0,1.0
375000.0,4.0
240500.0,3.0
320000.0,3.0
1270000.0,5.0
658588.0,3.0
270000.0,3.0
327500.0,3.0
340000.0,3.0
200000.0,3.0
1025000.0,3.0
275000.0,3.0
1126000.0,5.0
280000.0,2.0
485000.0,3.0
1901000.0,3.0
865000.0,3.0
532000.0,3.0
364950.0,4.0
212500.0,3.0
135000.0,1.0
437000.0,2.0
390000.0,3.0
760000.0,4.0
119500.0,3.0
2400000.0,5.0
837500.0,4.0
327500.0,4.0
175000.0,2.0
289950.0,3.0
400000.0,3.0
219950.0,3.0
161700.0,4.0
500000.0,5.0
465000.0,3.0
540000.0,3.0
525000.0,3.0
324950.0,3.0
565000.0,5.0
760500.0,3.0
1100000.0,5.0
603500.0,4.0
453500.0,5.0
583000.0,6.0
275000.0,2.0
875000.0,4.0
335000.0,4.0
646000.0,4.0
392500.0,4.0
785000.0,3.0
470000.0,3.0
560000.0,3.0
519000.0,2.0
746000.0,3.0
317000.0,3.0
371000.0,3.0
250000.0,4.0
532000.0,4.0
499950.0,3.0
375000.0,2.0
640000.0,3.0
400000.0,3.0
572000.0,3.0
310000.0,3.0
989000.0,5.0
685000.0,4.0
907500.0,4.0
427500.0,4.0
860000.0,3.0
365000.0,2.0
250500.0,3.0
411715.0,3.0
415000.0,4.0
129000.0,1.0
489000.0,3.0
170000.0,2.0
418500.0,3.0
261000.0,3.0
2005000.0,6.0
355000.0,2.0
742000.0,3.0
399950.0,3.0
791000.0,3.0
190000.0,5.0
229500.0,3.0
539000.0,3.0
549000.0,4.0
545000.0,5.0
285000.0,3.0
648000.0,4.0
610000.0,4.0
767450.0,3.0
765000.0,4.0
586500.0,3.0
520000.0,3.0
455000.0,3.0
653000.0,3.0
279950.0,3.0
449950.0,3.0
565000.0,3.0
620000.0,4.0
269000.0,3.0
875000.0,3.0
630000.0,4.0
425000.0,4.0
647500.0,3.0
450000.0,4.0
440000.0,3.0
445000.0,4.0
530000.0,4.0
875000.0,5.0
685000.0,3.0
798000.0,3.0
297500.0,4.0
749950.0,4.0
495000.0,5.0
540000.0,4.0
395000.0,3.0
1300000.0,6.0
1075000.0,5.0
214100.0,2.0
210000.0,4.0
499500.0,3.0
546000.0,2.0
292000.0,5.0
289000.0,3.0
240000.0,3.0
395000.0,4.0
795000.0,4.0
955000.0,4.0
725000.0,4.0
335000.0,4.0
492000.0,4.0
250000.0,3.0
700000.0,3.0
545000.0,3.0
555000.0,4.0
640000.0,3.0
390000.0,3.0
466500.0,3.0
372500.0,3.0
1800000.0,5.0
255000.0,3.0
466800.0,3.0
749000.0,3.0
610000.0,4.0
356000.0,2.0
165000.0,3.0
229000.0,2.0
530000.0,4.0
499950.0,3.0
619000.0,4.0
547000.0,3.0
359800.0,4.0
499000.0,3.0
189000.0,3.0
799000.0,4.0
257000.0,4.0
270000.0,3.0
453500.0,4.0
237000.0,3.0
456000.0,4.0
355500.0,3.0
299950.0,4.0
335000.0,3.0
268500.0,4.0
385000.0,3.0
376000.0,4.0
605004.0,4.0
886000.0,4.0
560000.0,4.0
343000.0,4.0
1415000.0,4.0
270000.0,3.0
411605.0,4.0
550000.0,4.0
465000.0,3.0
584000.0,3.0
275000.0,3.0
324500.0,3.0
700000.0,3.0
385200.0,4.0
270000.0,4.0
735000.0,4.0
389250.0,2.0
315000.0,3.0
545000.0,4.0
550000.0,3.0
415000.0,3.0
387500.0,3.0
432000.0,3.0
402000.0,3.0
1035000.0,4.0
294700.0,3.0
744000.0,3.0
715000.0,3.0
500000.0,4.0
1300000.0,4.0
1150000.0,3.0
650000.0,4.0
435000.0,4.0
510000.0,3.0
525000.0,5.0
920000.0,4.0
200000.0,2.0
435000.0,2.0
809950.0,4.0
1370000.0,2.0
455000.0,4.0
471000.0,3.0
253500.0,2.0
185000.0,3.0
535500.0,3.0
835000.0,2.0
589500.0,4.0
680000.0,3.0
360000.0,3.0
595000.0,4.0
300000.0,4.0
660000.0,3.0
570000.0,3.0
285000.0,2.0
435000.0,3.0
160000.0,3.0
805000.0,5.0
450000.0,3.0
510000.0,4.0
1120000.0,5.0
1280000.0,4.0
539000.0,3.0
407193.0,4.0
320000.0,3.0
739000.0,4.0
452000.0,2.0
600000.0,4.0
279000.0,5.0
895000.0,4.0
585000.0,4.0
405000.0,2.0
837219.0,5.0
969990.0,4.0
490000.0,3.0
611000.0,6.0
462000.0,4.0
540000.0,4.0
260000.0,4.0
510000.0,4.0
567500.0,3.0
445000.0,2.0
684680.0,4.0
2700000.0,4.0
455000.0,3.0
540000.0,5.0
530000.0,3.0
410000.0,3.0
450000.0,3.0
609900.0,4.0
648000.0,4.0
550000.0,3.0
347000.0,3.0
1635000.0,5.0
1339000.0,4.0
288350.0,3.0
1150000.0,3.0
525000.0,3.0
250250.0,3.0
341000.0,4.0
700000.0,4.0
390000.0,4.0
539950.0,3.0
552000.0,2.0
250000.0,5.0
502000.0,3.0
480000.0,4.0
378500.0,2.0
1350000.0,4.0
1900000.0,4.0
605000.0,3.0
307550.0,4.0
304700.0,2.0
568000.0,3.0
385000.0,3.0
345000.0,3.0
435000.0,3.0
579000.0,2.0
236000.0,3.0
305100.0,3.0
368000.0,3.0
255000.0,2.0
400000.0,2.0
440000.0,3.0
417000.0,2.0
435000.0,2.0
475000.0,4.0
563500.0,4.0
285000.0,3.0
471000.0,4.0
500000.0,4.0
640000.0,3.0
442500.0,4.0
213400.0,3.0
831000.0,4.0
325000.0,3.0
425000.0,2.0
550000.0,4.0
599950.0,4.0
1225000.0,4.0
750000.0,4.0
290000.0,4.0
270000.0,4.0
229950.0,4.0
234999.0,3.0
265000.0,2.0
367300.0,4.0
550000.0,3.0
743700.0,4.0
352750.0,2.0
403950.0,2.0
980000.0,4.0
585000.0,4.0
554000.0,3.0
546000.0,3.0
280000.0,2.0
212500.0,2.0
739000.0,4.0
428000.0,3.0
965000.0,4.0
364900.0,3.0
559000.0,3.0
213000.0,4.0
620000.0,3.0
240000.0,4.0
852500.0,3.0
600000.0,3.0
410000.0,3.0
328000.0,3.0
625000.0,3.0
649950.0,4.0
235000.0,3.0
489000.0,3.0
536000.0,3.0
400000.0,4.0
398000.0,3.0
379000.0,4.0
345000.0,2.0
365000.0,3.0
315000.0,3.0
571000.0,4.0
1025000.0,5.0
695000.0,3.0
225000.0,3.0
740000.0,3.0
315000.0,4.0
1230000.0,4.0
420000.0,2.0
310000.0,3.0
700000.0,3.0
269000.0,3.0
369990.0,4.0
800000.0,3.0
569000.0,5.0
175000.0,6.0
440000.0,3.0
435000.0,5.0
345000.0,3.0
558000.0,4.0
475000.0,2.0
490000.0,3.0
335000.0,3.0
350000.0,2.0
100000.0,4.0
417500.0,4.0
253000.0,3.0
1240000.0,5.0
490000.0,4.0
470000.0,3.0
483300.0,4.0
659000.0,3.0
480000.0,4.0
165000.0,3.0
659500.0,3.0
219900.0,3.0
315000.0,2.0
250000.0,3.0
268000.0,2.0
380000.0,4.0
499000.0,2.0
285000.0,2.0
183000.0,3.0
1070000.0,3.0
429000.0,3.0
403000.0,2.0
375500.0,3.0
1795000.0,5.0
516200.0,3.0
385000.0,4.0
515000.0,3.0
375000.0,4.0
650000.0,4.0
306888.0,2.0
870000.0,4.0
310000.0,4.0
251750.0,3.0
366000.0,3.0
429950.0,3.0
710000.0,3.0
895000.0,5.0
149500.0,3.0
310000.0,3.0
555000.0,3.0
750000.0,5.0
745000.0,4.0
695000.0,3.0
433000.0,3.0
307000.0,4.0
655275.0,3.0
392000.0,4.0
1180000.0,5.0
359950.0,3.0
360000.0,4.0
566000.0,4.0
700000.0,5.0
415000.0,3.0
199500.0,3.0
749000.0,3.0
680000.0,3.0
400000.0,4.0
608000.0,4.0
589900.0,4.0
480000.0,5.0
1059500.0,5.0
915000.0,6.0
695000.0,4.0
899900.0,4.0
499950.0,2.0
533112.0,4.0
303210.0,4.0
525000.0,5.0
399950.0,2.0
850830.0,3.0
371500.0,3.0
522000.0,3.0
588000.0,4.0
276900.0,2.0
248000.0,5.0
280000.0,3.0
495000.0,6.0
665000.0,6.0
290300.0,2.0
527000.0,2.0
487028.0,2.0
325000.0,3.0
799000.0,3.0
7062500.0,5.0
354000.0,3.0
262500.0,3.0
560200.0,3.0
220000.0,3.0
650000.0,2.0
435000.0,3.0
800000.0,4.0
1010000.0,4.0
200000.0,2.0
295000.0,5.0
580379.0,4.0
875000.0,4.0
515000.0,3.0
599000.0,4.0
285000.0,3.0
290000.0,3.0
355000.0,1.0
381000.0,3.0
571000.0,3.0
852600.0,4.0
1085000.0,5.0
371000.0,3.0
514000.0,3.0
386000.0,3.0
464000.0,4.0
335000.0,4.0
740000.0,4.0
465000.0,4.0
700000.0,3.0
785000.0,3.0
350000.0,3.0
148000.0,1.0
530000.0,3.0
349000.0,3.0
240000.0,3.0
330000.0,3.0
735000.0,4.0
545000.0,3.0
214950.0,3.0
657500.0,4.0
476000.0,3.0
2888000.0,5.0
110000.0,2.0
292000.0,4.0
317000.0,3.0
455000.0,4.0
1365000.0,5.0
460000.0,3.0
405000.0,3.0
333000.0,2.0
427000.0,4.0
742000.0,4.0
465000.0,4.0
809950.0,4.0
619400.0,4.0
762400.0,3.0
535000.0,5.0
881000.0,5.0
813000.0,4.0
234000.0,3.0
308900.0,3.0
450000.0,4.0
547500.0,3.0
399950.0,2.0
516000.0,4.0
250000.0,2.0
475000.0,3.0
415000.0,4.0
545000.0,2.0
329950.0,3.0
1325000.0,5.0
784000.0,3.0
610750.0,4.0
578000.0,4.0
1485000.0,4.0
501000.0,3.0
465250.0,5.0
2250000.0,5.0
1095000.0,0.0
315000.0,2.0
900000.0,4.0
789500.0,4.0
678500.0,3.0
342500.0,3.0
860000.0,4.0
306000.0,4.0
580000.0,5.0
405000.0,3.0
510000.0,3.0
173000.0,2.0
210000.0,4.0
445000.0,3.0
585000.0,3.0
381000.0,3.0
890000.0,3.0
235000.0,3.0
480000.0,3.0
575000.0,2.0
350000.0,4.0
259000.0,4.0
599000.0,5.0
210000.0,4.0
1184000.0,4.0
545000.0,3.0
299995.0,3.0
440000.0,3.0
699000.0,4.0
795000.0,3.0
445000.0,5.0
397990.0,3.0
706000.0,3.0
363000.0,3.0
850000.0,4.0
620000.0,2.0
1228000.0,4.0
333000.0,4.0
743000.0,3.0
448000.0,2.0
485000.0,4.0
489950.0,4.0
498500.0,5.0
531000.0,3.0
670000.0,3.0
310000.0,5.0
835000.0,3.0
1688000.0,4.0
495000.0,4.0
495000.0,3.0
440000.0,3.0
280000.0,1.0
1070000.0,4.0
1034500.0,4.0
248000.0,4.0
294000.0,4.0
561000.0,3.0
656500.0,4.0
660000.0,3.0
370000.0,2.0
349950.0,3.0
223000.0,2.0
560000.0,4.0
594000.0,4.0
600000.0,3.0
315000.0,3.0
430000.0,4.0
440000.0,3.0
312500.0,2.0
1240000.0,5.0
300000.0,3.0
680000.0,3.0
336750.0,2.0
822500.0,5.0
589000.0,4.0
863000.0,4.0
210000.0,2.0
206135.0,3.0
1125000.0,6.0
285000.0,3.0
230000.0,2.0
845000.0,4.0
350000.0,3.0
304000.0,3.0
370000.0,2.0
810000.0,3.0
440000.0,4.0
1030000.0,4.0
775000.0,4.0
1335000.0,5.0
235000.0,3.0
499950.0,3.0
622500.0,5.0
300000.0,4.0
205000.0,3.0
435000.0,3.0
697000.0,4.0
153000.0,3.0
454000.0,4.0
345000.0,2.0
585000.0,3.0
380000.0,4.0
250600.0,4.0
890000.0,4.0
370000.0,4.0
369500.0,3.0
883000.0,4.0
950000.0,4.0
615000.0,3.0
305000.0,3.0
590000.0,4.0
485000.0,3.0
215000.0,2.0
430000.0,3.0
324900.0,4.0
849900.0,2.0
975000.0,5.0
910000.0,5.0
459950.0,3.0
325000.0,3.0
513000.0,4.0
475000.0,3.0
419000.0,4.0
760000.0,4.0
1120000.0,5.0
129000.0,2.0
725000.0,5.0
580000.0,3.0
385000.0,3.0
265000.0,4.0
1735000.0,3.0
330000.0,3.0
665000.0,4.0
799000.0,3.0
589000.0,3.0
1695000.0,2.0
538000.0,3.0
530100.0,3.0
718500.0,3.0
299000.0,3.0
556000.0,3.0
171000.0,4.0
540000.0,5.0
250000.0,3.0
795000.0,4.0
575000.0,3.0
379500.0,3.0
385000.0,4.0
415500.0,4.0
397500.0,3.0
530000.0,3.0
883000.0,4.0
850000.0,5.0
496752.0,2.0
330000.0,3.0
735000.0,4.0
525000.0,4.0
269950.0,3.0
650000.0,3.0
520500.0,3.0
652500.0,4.0
506000.0,5.0
416000.0,3.0
500000.0,4.0
460000.0,3.0
371025.0,3.0
576000.0,4.0
353500.0,4.0
1735000.0,4.0
183000.0,3.0
763101.0,3.0
460000.0,2.0
825000.0,4.0
265000.0,3.0
295000.0,3.0
418000.0,4.0
554000.0,3.0
534500.0,3.0
690000.0,2.0
530000.0,4.0
357186.0,2.0
300000.0,5.0
304000.0,4.0
385000.0,4.0
415000.0,4.0
963000.0,4.0
792500.0,4.0
309212.0,3.0
235000.0,2.0
667000.0,3.0
470000.0,3.0
375000.0,4.0
410000.0,4.0
566000.0,4.0
680000.0,4.0
332000.0,1.0
902000.0,4.0
500000.0,3.0
445000.0,3.0
825000.0,4.0
1095000.0,4.0
277000.0,3.0
545000.0,3.0
435000.0,3.0
638000.0,3.0
418000.0,4.0
499000.0,3.0
150000.0,3.0
759950.0,3.0
427000.0,3.0
632500.0,5.0
660000.0,6.0
862000.0,4.0
524000.0,2.0
470000.0,3.0
385000.0,3.0
575000.0,4.0
220000.0,4.0
460000.0,2.0
1712500.0,3.0
175000.0,3.0
465000.0,3.0
552000.0,3.0
565000.0,4.0
518000.0,4.0
899950.0,4.0
373000.0,3.0
385000.0,4.0
245000.0,2.0
375000.0,4.0
699850.0,4.0
450000.0,6.0
455000.0,2.0
650000.0,4.0
378000.0,5.0
220000.0,3.0
285500.0,4.0
340000.0,3.0
921000.0,4.0
375000.0,4.0
999000.0,4.0
335000.0,3.0
1920000.0,4.0
385000.0,2.0
850000.0,4.0
429000.0,5.0
523950.0,3.0
798800.0,3.0
284000.0,3.0
852880.0,4.0
320000.0,3.0
749995.0,4.0
468500.0,3.0
492500.0,5.0
685000.0,4.0
542525.0,4.0
435000.0,3.0
242000.0,3.0
325000.0,4.0
837700.0,5.0
210000.0,1.0
187500.0,3.0
560000.0,5.0
272000.0,3.0
235000.0,3.0
259000.0,3.0
866059.0,5.0
473000.0,2.0
405000.0,3.0
870000.0,4.0
475000.0,3.0
499500.0,3.0
386000.0,2.0
458000.0,4.0
550000.0,3.0
605500.0,3.0
421000.0,3.0
536000.0,4.0
247200.0,3.0
250000.0,2.0
204950.0,4.0
430000.0,3.0
250000.0,4.0
260000.0,3.0
547000.0,4.0
379900.0,5.0
738500.0,3.0
545000.0,4.0
342000.0,2.0
4668000.0,5.0
170000.0,4.0
616000.0,4.0
640000.0,3.0
332000.0,3.0
1010000.0,3.0
380000.0,4.0
415000.0,4.0
1008000.0,4.0
669000.0,4.0
260000.0,3.0
854000.0,4.0
605000.0,3.0
320000.0,3.0
229950.0,3.0
255000.0,3.0
1170000.0,4.0
479000.0,2.0
1200000.0,4.0
472000.0,3.0
198000.0,3.0
440000.0,4.0
506000.0,3.0
382500.0,4.0
269500.0,2.0
560000.0,3.0
840000.0,4.0
479500.0,3.0
402000.0,3.0
549000.0,2.0
449950.0,4.0
493000.0,4.0
142500.0,4.0
250000.0,3.0
729000.0,3.0
465000.0,2.0
465000.0,2.0
280000.0,4.0
675000.0,6.0
667500.0,3.0
809000.0,3.0
400000.0,3.0
310000.0,4.0
435000.0,2.0
465950.0,4.0
1538000.0,3.0
253000.0,3.0
330000.0,3.0
554000.0,4.0
350000.0,3.0
294999.0,4.0
1185001.0,3.0
752000.0,4.0
451000.0,4.0
725000.0,4.0
345000.0,4.0
206000.0,3.0
2027000.0,4.0
2475000.0,3.0
1728000.0,4.0
580000.0,5.0
430000.0,3.0
720000.0,4.0
824000.0,7.0
936000.0,3.0
535000.0,4.0
286800.0,3.0
350000.0,2.0
345000.0,3.0
435000.0,3.0
1555000.0,3.0
1325000.0,4.0
461000.0,3.0
770000.0,3.0
1384000.0,4.0
330000.0,3.0
322500.0,4.0
1600000.0,6.0
475000.0,3.0
250275.0,2.0
274500.0,3.0
284950.0,3.0
264950.0,4.0
242000.0,3.0
913000.0,4.0
555000.0,3.0
711000.0,4.0
403500.0,5.0
975000.0,4.0
253779.0,4.0
384400.0,3.0
646000.0,5.0
415000.0,3.0
764000.0,4.0
507000.0,5.0
545500.0,3.0
450000.0,3.0
264000.0,4.0
650000.0,5.0
365000.0,3.0
343566.0,2.0
375000.0,3.0
295000.0,3.0
325000.0,3.0
265000.0,4.0
562000.0,5.0
540000.0,4.0
4489000.0,4.0
279950.0,5.0
540000.0,3.0
310000.0,4.0
190000.0,1.0
440000.0,4.0
1400000.0,3.0
230000.0,2.0
455000.0,3.0
175000.0,2.0
650000.0,3.0
3000000.0,4.0
192500.0,3.0
239950.0,3.0
175000.0,6.0
850000.0,5.0
410000.0,4.0
570000.0,4.0
469000.0,5.0
559000.0,2.0
739888.0,3.0
568450.0,5.0
240000.0,2.0
574950.0,5.0
180000.0,3.0
1160000.0,4.0
300000.0,3.0
630000.0,4.0
507000.0,4.0
287500.0,4.0
688000.0,3.0
424000.0,3.0
400000.0,3.0
620000.0,4.0
300000.0,3.0
615000.0,5.0
206000.0,2.0
515500.0,4.0
554000.0,5.0
825000.0,4.0
855000.0,4.0
315000.0,3.0
299000.0,5.0
650000.0,3.0
465000.0,3.0
535000.0,3.0
564000.0,2.0
515000.0,3.0
580000.0,4.0
309000.0,3.0
536751.0,3.0
415000.0,4.0
267000.0,3.0
820000.0,4.0
1399950.0,4.0
485000.0,2.0
482000.0,3.0
535000.0,4.0
690000.0,3.0
576000.0,3.0
378750.0,3.0
269900.0,4.0
210000.0,3.0
429900.0,4.0
1525000.0,4.0
360000.0,4.0
405000.0,2.0
450000.0,3.0
703000.0,3.0
661000.0,4.0
580000.0,4.0
464000.0,3.0
945000.0,2.0
659500.0,4.0
200000.0,3.0
280000.0,3.0
1325000.0,4.0
346150.0,3.0
197500.0,3.0
799000.0,4.0
1309500.0,4.0
350000.0,2.0
720000.0,4.0
519000.0,3.0
590300.0,3.0
2200000.0,5.0
410000.0,6.0
437000.0,2.0
221000.0,3.0
380000.0,4.0
506000.0,2.0
395000.0,4.0
285000.0,3.0
311000.0,3.0
520000.0,3.0
435000.0,3.0
120000.0,2.0
1440000.0,3.0
186000.0,3.0
756000.0,4.0
248000.0,4.0
287000.0,3.0
510000.0,4.0
249000.0,3.0
340000.0,3.0
399888.0,4.0
440000.0,3.0
899000.0,4.0
540500.0,5.0
385000.0,3.0
558000.0,4.0
600000.0,3.0
450000.0,4.0
232500.0,3.0
436000.0,2.0
240000.0,4.0
489950.0,3.0
680000.0,6.0
1068000.0,5.0
352450.0,3.0
335000.0,4.0
549000.0,4.0
1240000.0,4.0
618250.0,4.0
1815000.0,5.0
850000.0,2.0
930000.0,5.0
505000.0,3.0
925000.0,4.0
275000.0,3.0
499000.0,3.0
507000.0,3.0
619850.0,4.0
500000.0,3.0
310000.0,4.0
646000.0,4.0
265000.0,3.0
475000.0,3.0
600000.0,4.0
470000.0,3.0
319950.0,2.0
712000.0,3.0
775000.0,4.0
390000.0,3.0
585000.0,4.0
1027000.0,3.0
232603.0,3.0
543000.0,3.0
607500.0,3.0
750000.0,3.0
728050.0,3.0
734990.0,4.0
330000.0,3.0
605000.0,4.0
441000.0,3.0
650000.0,4.0
1950000.0,7.0
395000.0,3.0
245000.0,1.0
905000.0,4.0
660000.0,4.0
378000.0,4.0
600000.0,2.0
632500.0,4.0
210000.0,2.0
754800.0,2.0
175000.0,2.0
455000.0,3.0
450000.0,3.0
790000.0,4.0
480000.0,4.0
850000.0,3.0
725000.0,4.0
380000.0,3.0
979000.0,3.0
359950.0,3.0
665900.0,4.0
812000.0,3.0
203000.0,3.0
456000.0,3.0
547000.0,5.0
280000.0,3.0
640000.0,2.0
477000.0,3.0
455000.0,4.0
587206.0,3.0
425000.0,3.0
511500.0,4.0
218000.0,2.0
332000.0,3.0
291000.0,3.0
279000.0,4.0
950000.0,4.0
970500.0,3.0
412000.0,2.0
400000.0,3.0
200000.0,3.0
397000.0,4.0
715000.0,4.0
371000.0,4.0
458000.0,3.0
436500.0,5.0
329950.0,3.0
950000.0,3.0
282000.0,4.0
250000.0,1.0
1135000.0,6.0
400000.0,4.0
681500.0,5.0
200000.0,2.0
1300000.0,5.0
1462497.0,5.0
995000.0,4.0
355000.0,4.0
425000.0,3.0
869000.0,4.0
915000.0,3.0
2110000.0,3.0
925000.0,4.0
2400000.0,6.0
390000.0,3.0
330000.0,3.0
482500.0,4.0
525000.0,3.0
237000.0,3.0
205000.0,3.0
623000.0,3.0
565000.0,4.0
400000.0,4.0
405000.0,3.0
337000.0,4.0
355000.0,2.0
885000.0,3.0
420000.0,5.0
448000.0,4.0
800000.0,4.0
830000.0,5.0
725000.0,6.0
780000.0,3.0
325000.0,2.0
488800.0,4.0
1320000.0,4.0
489000.0,4.0
1240000.0,7.0
595000.0,3.0
359900.0,5.0
1080000.0,3.0
925000.0,4.0
625000.0,3.0
339990.0,3.0
775950.0,4.0
420000.0,5.0
654000.0,3.0
725000.0,3.0
375000.0,2.0
1100000.0,3.0
639500.0,4.0
849000.0,4.0
418000.0,4.0
442900.0,4.0
750000.0,3.0
930000.0,3.0
565000.0,2.0
874150.0,4.0
545000.0,4.0
500000.0,4.0
687000.0,4.0
810000.0,4.0
439500.0,3.0
802000.0,3.0
732600.0,4.0
374000.0,4.0
330000.0,4.0
365000.0,4.0
290900.0,2.0
577000.0,3.0
280000.0,2.0
675000.0,4.0
800000.0,3.0
299995.0,2.0
440000.0,3.0
249500.0,2.0
690000.0,2.0
235000.0,3.0
320000.0,3.0
350000.0,7.0
334000.0,4.0
235000.0,6.0
442000.0,4.0
264000.0,3.0
275000.0,2.0
430000.0,2.0
550000.0,3.0
775000.0,4.0
603500.0,6.0
230000.0,3.0
449000.0,4.0
2075000.0,4.0
420000.0,3.0
735000.0,4.0
200000.0,3.0
286000.0,3.0
579000.0,3.0
345100.0,3.0
350000.0,3.0
291500.0,3.0
649950.0,3.0
458500.0,3.0
500000.0,3.0
362300.0,3.0
324000.0,4.0
495000.0,3.0
233500.0,3.0
479000.0,3.0
322200.0,4.0
835000.0,4.0
347000.0,3.0
725000.0,3.0
345000.0,3.0
345950.0,3.0
550000.0,3.0
399950.0,3.0
269500.0,3.0
494000.0,4.0
453000.0,4.0
442500.0,3.0
235000.0,4.0
389800.0,3.0
346000.0,3.0
360000.0,4.0
650000.0,4.0
290000.0,3.0
234000.0,2.0
260000.0,4.0
349900.0,3.0
275000.0,3.0
725000.0,4.0
375000.0,4.0
806000.0,4.0
470000.0,3.0
490000.0,3.0
615000.0,5.0
249000.0,3.0
396500.0,3.0
405000.0,2.0
560000.0,3.0
459950.0,4.0
265000.0,3.0
502000.0,6.0
430000.0,3.0
525000.0,2.0
415000.0,4.0
600000.0,3.0
225000.0,3.0
300000.0,4.0
491234.0,4.0
1580000.0,4.0
905000.0,4.0
199950.0,5.0
450000.0,4.0
899000.0,3.0
649000.0,2.0
780000.0,4.0
400000.0,4.0
831500.0,5.0
471001.0,3.0
385000.0,3.0
326000.0,3.0
335000.0,1.0
320000.0,4.0
300000.0,4.0
269950.0,4.0
1220000.0,4.0
590000.0,4.0
750000.0,3.0
239950.0,3.0
215000.0,3.0
165000.0,3.0
261350.0,3.0
569000.0,4.0
425000.0,3.0
800000.0,4.0
715000.0,4.0
337000.0,3.0
560000.0,4.0
449500.0,3.0
660000.0,3.0
685000.0,2.0
905000.0,5.0
403500.0,3.0
405000.0,3.0
385000.0,4.0
1700000.0,3.0
285000.0,3.0
249900.0,3.0
633634.0,4.0
329900.0,3.0
310000.0,3.0
345000.0,3.0
160797.0,3.0
562500.0,3.0
664950.0,5.0
515000.0,5.0
497000.0,3.0
312891.0,5.0
670000.0,3.0
362500.0,2.0
402101.0,2.0
438000.0,3.0
687500.0,4.0
160000.0,3.0
415000.0,3.0
405000.0,3.0
880000.0,4.0
585000.0,3.0
640000.0,4.0
819000.0,3.0
520000.0,3.0
367500.0,3.0
762500.0,4.0
300000.0,3.0
625000.0,3.0
530000.0,2.0
379000.0,3.0
615000.0,2.0
660000.0,2.0
380000.0,3.0
314900.0,4.0
324950.0,3.0
225000.0,3.0
535000.0,3.0
348500.0,3.0
725000.0,4.0
925000.0,4.0
549000.0,2.0
400000.0,3.0
620000.0,4.0
665000.0,6.0
1215000.0,4.0
1157400.0,3.0
349950.0,4.0
2466350.0,5.0
339000.0,4.0
615000.0,3.0
751000.0,4.0
941000.0,4.0
600000.0,4.0
455000.0,4.0
1295648.0,0.0
485000.0,3.0
358000.0,3.0
339000.0,3.0
258000.0,3.0
455000.0,2.0
437000.0,4.0
689000.0,3.0
319000.0,4.0
510000.0,3.0
440000.0,3.0
1010000.0,2.0
875000.0,4.0
304000.0,4.0
139000.0,2.0
464500.0,3.0
336500.0,3.0
230000.0,4.0
425000.0,3.0
300000.0,2.0
457500.0,3.0
366000.0,3.0
502000.0,3.0
194000.0,3.0
305000.0,4.0
1250000.0,4.0
575000.0,4.0
343500.0,4.0
325000.0,3.0
600000.0,4.0
850000.0,4.0
420000.0,3.0
257500.0,2.0
317000.0,5.0
970000.0,3.0
252000.0,3.0
683500.0,3.0
289000.0,3.0
355000.0,2.0
675000.0,3.0
396500.0,3.0
362500.0,4.0
395000.0,4.0
599000.0,5.0
218000.0,3.0
589950.0,4.0
218000.0,3.0
360000.0,3.0
350000.0,2.0
350000.0,4.0
845000.0,3.0
839000.0,3.0
850000.0,4.0
329950.0,2.0
425000.0,4.0
210000.0,2.0
631500.0,2.0
295000.0,2.0
575000.0,3.0
415000.0,3.0
859000.0,4.0
639888.0,4.0
329445.0,2.0
745641.0,4.0
395000.0,3.0
790000.0,4.0
890000.0,4.0
400000.0,3.0
365500.0,3.0
245000.0,3.0
390000.0,4.0
196500.0,3.0
1200000.0,4.0
276900.0,3.0
995000.0,3.0
2300000.0,4.0
505000.0,3.0
1229000.0,4.0
352000.0,4.0
597326.0,4.0
800000.0,2.0
270000.0,3.0
235000.0,4.0
409900.0,2.0
739900.0,5.0
608000.0,4.0
381500.0,2.0
562100.0,2.0
740000.0,4.0
308000.0,3.0
905000.0,5.0
762000.0,4.0
356000.0,4.0
750000.0,3.0
418800.0,4.0
276000.0,4.0
725000.0,3.0
285000.0,3.0
205000.0,3.0
583000.0,3.0
657000.0,4.0
386000.0,4.0
589950.0,5.0
575000.0,3.0
574000.0,3.0
690500.0,5.0
565000.0,2.0
500000.0,3.0
330000.0,6.0
286000.0,2.0
450000.0,3.0
870000.0,4.0
725000.0,4.0
275000.0,2.0
645000.0,3.0
152000.0,3.0
315000.0,4.0
190000.0,1.0
700000.0,4.0
233000.0,3.0
249000.0,4.0
310000.0,2.0
265950.0,3.0
860000.0,5.0
200000.0,3.0
402000.0,4.0
305000.0,6.0
505000.0,3.0
1355000.0,3.0
482000.0,3.0
299950.0,3.0
770000.0,4.0
245700.0,3.0
283000.0,3.0
650000.0,4.0
530000.0,5.0
440000.0,3.0
1005000.0,4.0
599990.0,3.0
544000.0,4.0
1700000.0,5.0
270000.0,2.0
435000.0,2.0
349000.0,3.0
1140000.0,4.0
320000.0,4.0
804100.0,4.0
594000.0,3.0
531500.0,4.0
1150000.0,3.0
374500.0,3.0
450000.0,4.0
744500.0,5.0
913888.0,5.0
760000.0,4.0
346500.0,2.0
280000.0,3.0
557500.0,3.0
260000.0,3.0
1330000.0,3.0
640000.0,3.0
280000.0,7.0
205000.0,3.0
957000.0,5.0
625000.0,5.0
680000.0,4.0
150000.0,2.0
255950.0,3.0
246500.0,3.0
450000.0,2.0
595888.0,3.0
454000.0,3.0
299900.0,3.0
200000.0,3.0
346500.0,3.0
585000.0,4.0
383000.0,3.0
519000.0,4.0
410000.0,3.0
578000.0,4.0
1280000.0,4.0
395000.0,2.0
364000.0,3.0
240000.0,3.0
328423.0,3.0
594000.0,4.0
425000.0,3.0
309620.0,3.0
260000.0,5.0
563500.0,3.0
975000.0,5.0
937000.0,3.0
518500.0,3.0
563500.0,4.0
1050000.0,4.0
350000.0,3.0
826000.0,4.0
225000.0,3.0
235867.0,4.0
399000.0,4.0
177500.0,3.0
224000.0,4.0
302000.0,4.0
760000.0,3.0
460000.0,3.0
415000.0,3.0
669000.0,2.0
254600.0,3.0
357250.0,3.0
910000.0,4.0
725000.0,6.0
670000.0,3.0
440000.0,4.0
1025000.0,4.0
320000.0,2.0
310000.0,4.0
772650.0,4.0
669950.0,4.0
690000.0,5.0
385000.0,4.0
663000.0,3.0
300000.0,3.0
225500.0,2.0
320000.0,3.0
775000.0,3.0
805000.0,3.0
252750.0,4.0
254000.0,5.0
620000.0,6.0
435000.0,4.0
460000.0,4.0
268000.0,3.0
446000.0,2.0
285000.0,2.0
530000.0,3.0
402000.0,2.0
358000.0,3.0
354950.0,4.0
405000.0,4.0
568000.0,4.0
575000.0,5.0
315000.0,4.0
280927.0,4.0
440000.0,4.0
270000.0,4.0
755000.0,4.0
289659.0,4.0
555000.0,5.0
450000.0,3.0
1145000.0,3.0
495000.0,3.0
1250000.0,3.0
580000.0,4.0
560000.0,4.0
1080000.0,4.0
450000.0,2.0
815000.0,3.0
354000.0,4.0
279900.0,3.0
339000.0,2.0
1340000.0,4.0
710000.0,3.0
815000.0,4.0
800000.0,3.0
638000.0,3.0
475580.0,3.0
243800.0,3.0
600000.0,3.0
620000.0,3.0
750000.0,4.0
626000.0,3.0
230000.0,3.0
537000.0,3.0
210000.0,2.0
200500.0,3.0
253500.0,3.0
150000.0,3.0
440000.0,3.0
667000.0,3.0
660000.0,3.0
695000.0,3.0
440000.0,4.0
1388000.0,4.0
219500.0,3.0
220000.0,3.0
270000.0,2.0
900000.0,4.0
1990000.0,5.0
800000.0,4.0
365000.0,5.0
1387800.0,3.0
451000.0,5.0
202000.0,2.0
1410000.0,4.0
471000.0,2.0
827000.0,4.0
235000.0,5.0
216500.0,2.0
359000.0,5.0
252500.0,3.0
370000.0,3.0
663000.0,3.0
971971.0,4.0
420000.0,3.0
330675.0,4.0
240000.0,4.0
334888.0,3.0
414000.0,3.0
782900.0,4.0
525000.0,4.0
429900.0,3.0
390000.0,3.0
224000.0,3.0
257500.0,3.0
665000.0,2.0
327000.0,5.0
425000.0,3.0
687500.0,4.0
672500.0,3.0
140000.0,3.0
215500.0,2.0
464900.0,4.0
417000.0,4.0
453000.0,4.0
700000.0,3.0
1619999.0,4.0
259500.0,3.0
460000.0,4.0
561500.0,3.0
641000.0,4.0
330000.0,4.0
447000.0,2.0
320000.0,4.0
212700.0,2.0
260000.0,2.0
410000.0,3.0
355000.0,4.0
275500.0,2.0
415000.0,3.0
279000.0,3.0
350000.0,5.0
355000.0,2.0
750000.0,4.0
235000.0,3.0
209950.0,3.0
230000.0,3.0
725000.0,3.0
430000.0,2.0
661500.0,5.0
738000.0,3.0
1820000.0,4.0
221000.0,3.0
665000.0,3.0
255000.0,3.0
1195000.0,5.0
355000.0,3.0
755000.0,5.0
300000.0,3.0
500000.0,4.0
191000.0,2.0
315000.0,6.0
415000.0,3.0
394000.0,4.0
490000.0,3.0
523460.0,5.0
550000.0,4.0
342000.0,3.0
560000.0,4.0
1050000.0,4.0
710000.0,2.0
1020000.0,3.0
399950.0,3.0
480000.0,2.0
410000.0,3.0
530000.0,4.0
528000.0,2.0
469900.0,4.0
397000.0,5.0
718500.0,3.0
195000.0,2.0
285000.0,2.0
295000.0,1.0
602000.0,4.0
235000.0,3.0
465000.0,4.0
234000.0,4.0
504200.0,2.0
710000.0,3.0
589500.0,3.0
415000.0,3.0
735000.0,3.0
427000.0,3.0
982000.0,4.0
459000.0,4.0
483453.0,4.0
246950.0,3.0
235000.0,1.0
288790.0,4.0
229800.0,2.0
516500.0,1.0
1600000.0,3.0
234000.0,3.0
230000.0,2.0
300000.0,4.0
470000.0,3.0
339900.0,3.0
650000.0,2.0
585000.0,5.0
699900.0,4.0
598000.0,4.0
475000.0,3.0
314500.0,3.0
397000.0,3.0
345000.0,3.0
325000.0,5.0
265000.0,3.0
402000.0,4.0
835000.0,3.0
780000.0,4.0
250000.0,3.0
1200000.0,4.0
935000.0,2.0
300000.0,2.0
419000.0,2.0
410000.0,1.0
1165000.0,3.0
461000.0,3.0
385000.0,3.0
669500.0,4.0
491950.0,3.0
1230000.0,3.0
560000.0,3.0
370000.0,3.0
263400.0,4.0
100000.0,2.0
289950.0,3.0
263000.0,3.0
397500.0,4.0
245000.0,3.0
535000.0,3.0
449000.0,4.0
490000.0,4.0
445800.0,4.0
345000.0,2.0
327500.0,3.0
436500.0,4.0
550000.0,3.0
441000.0,2.0
406500.0,2.0
243000.0,2.0
359500.0,4.0
760000.0,4.0
1925000.0,5.0
408000.0,5.0
480000.0,4.0
875000.0,4.0
308000.0,3.0
880000.0,4.0
1730000.0,5.0
170000.0,2.0
491500.0,3.0
515000.0,3.0
550000.0,4.0
255000.0,2.0
635000.0,3.0
850000.0,3.0
265000.0,2.0
349810.0,3.0
972000.0,4.0
235000.0,2.0
330000.0,4.0
500000.0,4.0
570000.0,3.0
1309500.0,4.0
544000.0,3.0
439000.0,3.0
530000.0,4.0
427500.0,2.0
337000.0,4.0
1095000.0,4.0
435000.0,4.0
765000.0,5.0
492650.0,4.0
383962.0,4.0
950000.0,4.0
457000.0,3.0
1510000.0,5.0
882566.0,4.0
963000.0,4.0
345000.0,4.0
2065000.0,4.0
800000.0,3.0
314500.0,3.0
530000.0,3.0
650000.0,4.0
349500.0,3.0
1198000.0,4.0
165050.0,3.0
580000.0,3.0
330000.0,3.0
875000.0,5.0
500000.0,2.0
445000.0,4.0
274900.0,4.0
219950.0,3.0
691500.0,4.0
459500.0,2.0
955500.0,4.0
328950.0,4.0
307000.0,3.0
382500.0,3.0
1150000.0,4.0
1297000.0,6.0
478000.0,3.0
260000.0,2.0
850000.0,4.0
616000.0,4.0
540000.0,3.0
300000.0,3.0
507500.0,3.0
3800000.0,5.0
241000.0,3.0
485000.0,3.0
695000.0,3.0
548000.0,4.0
345000.0,2.0
280000.0,3.0
450000.0,3.0
515000.0,3.0
1014250.0,3.0
739900.0,5.0
600000.0,2.0
370000.0,2.0
729032.0,4.0
510000.0,3.0
425000.0,3.0
1080000.0,3.0
337000.0,3.0
563000.0,4.0
1695000.0,4.0
245000.0,3.0
590000.0,3.0
695000.0,3.0
402500.0,2.0
435000.0,3.0
660000.0,3.0
300000.0,3.0
600000.0,5.0
205000.0,3.0
357500.0,3.0
1110000.0,5.0
332888.0,2.0
174000.0,2.0
515000.0,2.0
392000.0,5.0
485000.0,4.0
217500.0,3.0
502000.0,3.0
820000.0,3.0
1640000.0,3.0
102500.0,2.0
925000.0,5.0
540000.0,4.0
600000.0,2.0
406000.0,4.0
620000.0,4.0
1060000.0,4.0
401000.0,3.0
725000.0,3.0
276000.0,1.0
500000.0,5.0
375000.0,3.0
2300000.0,4.0
260000.0,3.0
1565000.0,4.0
431000.0,4.0
321000.0,4.0
433000.0,4.0
920000.0,4.0
482000.0,3.0
712000.0,3.0
505000.0,4.0
2367000.0,3.0
452000.0,3.0
581000.0,4.0
952500.0,4.0
808000.0,4.0
476000.0,4.0
535000.0,4.0
1356925.0,4.0
629800.0,3.0
417838.0,4.0
399895.0,4.0
825000.0,4.0
300000.0,4.0
640000.0,2.0
460000.0,3.0
525000.0,2.0
499990.0,4.0
1020000.0,4.0
675000.0,5.0
512031.0,3.0
310000.0,2.0
1075000.0,3.0
255000.0,4.0
435000.0,3.0
453000.0,3.0
260000.0,4.0
659000.0,4.0
223000.0,3.0
851000.0,5.0
605000.0,3.0
895000.0,4.0
519000.0,5.0
535000.0,3.0
489000.0,3.0
250000.0,3.0
580000.0,3.0
1038000.0,4.0
605000.0,4.0
599950.0,4.0
700000.0,3.0
480000.0,3.0
329950.0,4.0
250000.0,3.0
345000.0,5.0
175000.0,4.0
185000.0,5.0
411000.0,4.0
690000.0,3.0
265000.0,4.0
720000.0,4.0
256000.0,4.0
255000.0,4.0
540000.0,3.0
481015.0,3.0
575000.0,3.0
339950.0,3.0
475000.0,4.0
732000.0,3.0
860000.0,4.0
389000.0,4.0
645000.0,3.0
475000.0,4.0
550000.0,4.0
305000.0,2.0
782000.0,2.0
545000.0,3.0
394500.0,4.0
600000.0,5.0
1300000.0,4.0
300000.0,2.0
330000.0,4.0
723000.0,4.0
2271150.0,4.0
480000.0,5.0
496000.0,2.0
625000.0,3.0
475000.0,4.0
275250.0,3.0
253000.0,2.0
630000.0,4.0
660500.0,5.0
262000.0,5.0
2147500.0,3.0
552000.0,3.0
1411600.0,2.0
736000.0,2.0
355000.0,3.0
305000.0,3.0
484998.0,4.0
1054690.0,4.0
334500.0,2.0
475000.0,4.0
309780.0,3.0
795000.0,4.0
274500.0,3.0
265050.0,2.0
567500.0,3.0
915000.0,3.0
285000.0,5.0
445838.0,3.0
304900.0,4.0
940000.0,4.0
1127000.0,4.0
835000.0,4.0
290000.0,3.0
250000.0,3.0
342000.0,4.0
1012000.0,4.0
400000.0,4.0
312500.0,3.0
267000.0,3.0
575000.0,3.0
810000.0,3.0
850000.0,3.0
1015000.0,3.0
1100000.0,4.0
240000.0,3.0
198000.0,4.0
565000.0,4.0
1195000.0,5.0
340000.0,8.0
815000.0,4.0
1875000.0,4.0
588000.0,5.0
280500.0,4.0
390000.0,4.0
509000.0,2.0
490600.0,3.0
650000.0,3.0
715000.0,3.0
529950.0,3.0
265000.0,3.0
1755000.0,3.0
1140000.0,3.0
610000.0,3.0
554729.0,4.0
395000.0,5.0
341000.0,3.0
264500.0,4.0
395000.0,4.0
640000.0,3.0
430000.0,3.0
410000.0,4.0
220000.0,4.0
1625000.0,4.0
405500.0,2.0
633000.0,4.0
295950.0,2.0
1042031.0,4.0
605000.0,4.0
255000.0,2.0
474000.0,3.0
370000.0,2.0
288000.0,3.0
100000.0,2.0
1150000.0,5.0
600000.0,5.0
515000.0,5.0
345000.0,4.0
975000.0,6.0
850000.0,3.0
439990.0,3.0
554950.0,3.0
605000.0,3.0
609000.0,3.0
425000.0,3.0
399900.0,2.0
1025000.0,4.0
2351956.0,4.0
519995.0,4.0
625000.0,3.0
600000.0,3.0
1200000.0,4.0
1738000.0,4.0
671000.0,4.0
459500.0,3.0
499000.0,3.0
1280000.0,4.0
395000.0,3.0
861990.0,5.0
382500.0,2.0
404950.0,4.0
530000.0,3.0
195000.0,2.0
747500.0,4.0
199990.0,3.0
548800.0,4.0
870000.0,4.0
588000.0,3.0
775000.0,4.0
670000.0,6.0
445000.0,2.0
300000.0,4.0
480000.0,3.0
300000.0,3.0
360000.0,3.0
527000.0,6.0
875000.0,3.0
266000.0,4.0
866000.0,4.0
335950.0,2.0
215000.0,3.0
481000.0,4.0
320000.0,3.0
295000.0,3.0
295000.0,3.0
320000.0,3.0
780000.0,4.0
437500.0,3.0
443000.0,5.0
575000.0,4.0
245000.0,2.0
450000.0,3.0
536000.0,2.0
685000.0,3.0
373000.0,4.0
450000.0,3.0
645000.0,4.0
1275000.0,3.0
230000.0,3.0
593000.0,3.0
558000.0,2.0
538250.0,3.0
475000.0,5.0
209950.0,3.0
410000.0,3.0
1636000.0,3.0
670000.0,5.0
821000.0,3.0
665000.0,5.0
339000.0,3.0
631500.0,4.0
570000.0,3.0
437000.0,3.0
542500.0,3.0
229500.0,3.0
170500.0,2.0
391500.0,3.0
296475.0,3.0
1450000.0,4.0
888550.0,3.0
1360000.0,4.0
328000.0,3.0
300000.0,4.0
500000.0,3.0
494815.0,3.0
378000.0,3.0
505000.0,2.0
680000.0,4.0
351999.0,3.0
510000.0,3.0
1300000.0,4.0
374000.0,2.0
509900.0,3.0
230000.0,3.0
527700.0,5.0
438000.0,2.0
900000.0,3.0
1131000.0,3.0
439000.0,4.0
315000.0,2.0
765000.0,4.0
332000.0,3.0
600000.0,3.0
378500.0,3.0
190000.0,3.0
645000.0,4.0
780000.0,2.0
370000.0,3.0
875000.0,4.0
1049000.0,4.0
479000.0,3.0
245000.0,4.0
542000.0,3.0
557500.0,3.0
480000.0,2.0
330000.0,3.0
160000.0,3.0
695500.0,5.0
235500.0,5.0
326500.0,3.0
300000.0,4.0
267000.0,3.0
292600.0,3.0
362000.0,5.0
1087500.0,2.0
357562.0,2.0
789900.0,3.0
513000.0,3.0
336000.0,3.0
560000.0,4.0
1150000.0,3.0
410000.0,4.0
371500.0,3.0
368000.0,4.0
650000.0,4.0
308950.0,4.0
440000.0,3.0
630000.0,2.0
228950.0,3.0
782000.0,4.0
245000.0,3.0
410000.0,4.0
427550.0,2.0
235000.0,2.0
210000.0,3.0
485000.0,4.0
410000.0,3.0
435000.0,4.0
300000.0,3.0
455000.0,4.0
210000.0,3.0
1050000.0,4.0
458400.0,4.0
390000.0,3.0
148226.0,3.0
711600.0,4.0
819000.0,3.0
613000.0,2.0
592350.0,2.0
232000.0,3.0
250000.0,3.0
115000.0,1.0
1115000.0,4.0
585000.0,4.0
580000.0,3.0
165000.0,1.0
430000.0,3.0
383000.0,3.0
1195000.0,4.0
201500.0,3.0
690000.0,4.0
325000.0,2.0
375000.0,3.0
600000.0,4.0
340000.0,3.0
890000.0,4.0
415000.0,4.0
255000.0,3.0
530000.0,2.0
468000.0,3.0
970000.0,5.0
599000.0,3.0
399500.0,4.0
2458000.0,4.0
1205000.0,4.0
325000.0,2.0
1135250.0,5.0
568000.0,4.0
517000.0,2.0
469950.0,4.0
1675000.0,3.0
2180000.0,6.0
623000.0,3.0
720000.0,4.0
205000.0,3.0
148000.0,2.0
950000.0,3.0
405000.0,3.0
293000.0,3.0
550000.0,3.0
435000.0,4.0
355000.0,4.0
673000.0,3.0
449990.0,4.0
249000.0,2.0
380000.0,4.0
760005.0,4.0
674600.0,4.0
812000.0,4.0
333490.0,4.0
320000.0,3.0
999000.0,4.0
810000.0,2.0
399950.0,5.0
550000.0,3.0
290000.0,3.0
232500.0,3.0
1355000.0,4.0
565000.0,3.0
749950.0,4.0
720500.0,4.0
507000.0,3.0
989000.0,5.0
463000.0,4.0
310000.0,3.0
284000.0,4.0
737500.0,3.0
569000.0,3.0
700000.0,3.0
660000.0,3.0
275000.0,4.0
570000.0,6.0
150000.0,3.0
356000.0,3.0
610000.0,3.0
498800.0,2.0
226550.0,3.0
692500.0,4.0
250000.0,3.0
660000.0,4.0
295000.0,2.0
154950.0,4.0
409124.0,5.0
287000.0,5.0
810000.0,4.0
525000.0,4.0
525000.0,4.0
275000.0,3.0
583000.0,3.0
237950.0,2.0
1065000.0,4.0
679000.0,4.0
1465000.0,6.0
410000.0,3.0
306000.0,3.0
215000.0,4.0
594950.0,4.0
1250000.0,4.0
305000.0,3.0
425000.0,2.0
215000.0,3.0
480000.0,5.0
550000.0,4.0
750000.0,4.0
137124.0,3.0
840000.0,3.0
624800.0,3.0
630000.0,3.0
590000.0,3.0
599950.0,3.0
299880.0,3.0
400000.0,3.0
560000.0,3.0
229000.0,4.0
525000.0,4.0
737000.0,2.0
680000.0,3.0
635000.0,4.0
740000.0,4.0
335500.0,3.0
270000.0,4.0
1037000.0,4.0
450000.0,5.0
379000.0,3.0
468000.0,4.0
321500.0,1.0
443000.0,3.0
340000.0,3.0
470000.0,4.0
545000.0,3.0
415000.0,4.0
599000.0,7.0
759000.0,4.0
300000.0,4.0
1681000.0,5.0
359000.0,3.0
550000.0,4.0
395000.0,2.0
486000.0,4.0
187000.0,2.0
734950.0,4.0
284000.0,3.0
696000.0,4.0
380000.0,2.0
625000.0,4.0
252000.0,4.0
560000.0,2.0
395000.0,4.0
900000.0,4.0
2680000.0,5.0
625000.0,3.0
580000.0,3.0
309000.0,3.0
412000.0,4.0
495000.0,3.0
215000.0,3.0
741500.0,2.0
749000.0,3.0
659950.0,4.0
530000.0,3.0
749000.0,4.0
2321000.0,5.0
595000.0,4.0
487000.0,4.0
760000.0,4.0
1240000.0,5.0
435000.0,4.0
374950.0,3.0
440000.0,3.0
360000.0,4.0
879000.0,4.0
1550000.0,5.0
505000.0,2.0
545000.0,2.0
600000.0,2.0
775000.0,6.0
725000.0,2.0
610000.0,4.0
350000.0,4.0
410000.0,3.0
639000.0,4.0
439000.0,4.0
499950.0,4.0
800000.0,3.0
350000.0,4.0
279000.0,2.0
290256.0,3.0
355000.0,3.0
263000.0,3.0
880000.0,6.0
426500.0,4.0
735000.0,3.0
720000.0,4.0
265000.0,3.0
840000.0,4.0
657500.0,3.0
850000.0,5.0
436110.0,3.0
589900.0,2.0
620000.0,3.0
254000.0,4.0
375000.0,3.0
455000.0,4.0
445000.0,4.0
568500.0,4.0
352500.0,3.0
342500.0,2.0
299950.0,3.0
425000.0,3.0
561000.0,4.0
455500.0,3.0
400000.0,3.0
443500.0,4.0
1234582.0,5.0
370000.0,4.0
475000.0,3.0
580000.0,4.0
518000.0,3.0
525000.0,3.0
236000.0,4.0
278500.0,4.0
205425.0,2.0
248000.0,3.0
505000.0,3.0
657500.0,3.0
670000.0,3.0
202000.0,1.0
440000.0,4.0
690000.0,4.0
375000.0,6.0
291000.0,3.0
230000.0,3.0
850000.0,4.0
84350.0,4.0
12899000.0,3.0
2110000.0,4.0
2199900.0,4.0
188000.0,4.0
26590000.0,3.0
7800.0,2.0
237227.857143,4.0
117833.333333,3.0
0.0,3.0
744312.5,4.0
0.0,4.0
0.0,6.0
0.0,5.0
439333.333333,3.0
280000.0,3.0
0.0,5.0
0.0,4.0
176225.0,3.0
500324.0,3.0
444845.0,3.0
330000.0,3.0
292285.714286,3.0
160000.0,2.0
274333.333333,3.0
537500.0,4.0
232333.333333,3.0
237333.333333,3.0
346750.0,3.0
0.0,2.0
1020000.0,3.0
0.0,4.0
254000.0,3.0
238750.0,3.0
268971.875,4.0
642000.0,4.0
571986.111111,3.0
0.0,5.0
0.0,5.0
554250.0,3.0
0.0,4.0
0.0,4.0
107500.0,4.0
300000.0,3.0
0.0,4.0
540833.333333,3.0
274750.0,4.0
148612.5,3.0
326428.571429,3.0
0.0,5.0
135333.333333,4.0
577437.5,4.0
440825.0,3.0
195000.0,5.0
257500.0,4.0
692000.0,4.0
176400.0,2.0
193000.0,3.0
646212.5,4.0
268971.875,4.0
0.0,4.0
317061.875,3.0
83300.0,3.0
0.0,5.0
266066.666667,4.0
342246.428571,4.0
0.0,5.0
0.0,3.0
0.0,4.0
240015.333333,4.0
83300.0,3.0
316850.0,4.0
259585.571429,4.0
328211.904762,4.0
673476.818182,4.0
0.0,4.0
425000.0,3.0
127160.0,2.0
341750.0,3.0
178650.0,3.0
87500.0,2.0
282508.888889,3.0
450385.714286,3.0
435000.0,4.0
532500.0,2.0
408900.0,3.0
156766.666667,2.0
452500.0,5.0
308830.769231,2.0
484991.666667,4.0
287919.782609,2.0
247875.0,2.0
309487.5,3.0
173666.666667,4.0
237481.25,3.0
326983.333333,3.0
790000.0,4.0
0.0,1.0
678333.333333,3.0
542804.75,5.0
723243.75,4.0
667781.25,5.0
108333.333333,3.0
0.0,5.0
535000.0,4.0
596165.428571,4.0
269187.5,3.0
148612.5,3.0
0.0,3.0
0.0,5.0
341166.666667,5.0
132500.0,4.0
557125.0,4.0
228944.444444,3.0
592105.714286,3.0
535000.0,4.0
420642.857143,3.0
132250.0,4.0
237227.857143,4.0
440825.0,3.0
2560498.33333,3.0
423050.925926,2.0
1337044.2,4.0
315368.7,3.0
417985.714286,4.0
723243.75,4.0
259950.0,4.0
0.0,4.0
237333.333333,3.0
426090.0,3.0
458663.888889,2.0
812650.0,4.0
135333.333333,4.0
0.0,5.0
0.0,5.0
0.0,3.0
0.0,5.0
387884.615385,3.0
437500.0,5.0
641633.333333,3.0
681965.78125,4.0
229629.5,2.0
0.0,4.0
210614.285714,3.0
790000.0,4.0
435500.0,3.0
738190.857143,3.0
497333.333333,3.0
300000.0,3.0
1036200.0,4.0
163785.714286,2.0
351250.0,4.0
645325.0,3.0
171224.8,3.0
0.0,5.0
540000.0,3.0
233166.666667,3.0
329333.333333,3.0
225279.428571,3.0
331366.666667,3.0
460886.923077,4.0
337945.75,2.0
0.0,4.0
243069.230769,3.0
0.0,6.0
690408.62069,4.0
592105.714286,3.0
220083.333333,3.0
280000.0,3.0
297857.142857,4.0
950833.333333,5.0
323833.333333,4.0
309000.0,3.0
248400.0,3.0
994500.0,4.0
0.0,4.0
0.0,4.0
0.0,2.0
0.0,3.0
288500.0,5.0
379509.166667,2.0
180785.714286,2.0
950100.0,4.0
0.0,4.0
542500.0,5.0
362750.0,2.0
234975.0,4.0
672500.0,4.0
391400.0,4.0
0.0,3.0
198995.0,3.0
278900.0,3.0
171758.333333,3.0
325187.5,3.0
190368.75,2.0
375000.0,5.0
216000.0,3.0
0.0,5.0
360500.0,3.0
677099.565217,4.0
405125.0,4.0
289987.5,3.0
264270.0,3.0
602761.0,4.0
251555.555556,3.0
214750.0,3.0
258125.0,2.0
0.0,4.0
677099.565217,4.0
0.0,2.0
0.0,2.0
167500.0,1.0
471500.0,4.0
0.0,4.0
464600.0,2.0
132250.0,4.0
433111.111111,3.0
542500.0,5.0
0.0,2.0
368112.5,4.0
673476.818182,4.0
558653.846154,3.0
0.0,4.0
168333.333333,2.0
268971.875,4.0
318000.0,2.0
550607.142857,4.0
1288333.33333,6.0
584000.0,3.0
0.0,3.0
0.0,5.0
245000.0,3.0
287919.782609,2.0
672500.0,4.0
454790.0,2.0
282508.888889,3.0
473200.0,3.0
406062.5,2.0
282766.666667,4.0
486445.833333,3.0
486895.0,3.0
430277.777778,3.0
229629.5,2.0
0.0,4.0
182805.0,3.0
380680.555556,4.0
396166.666667,3.0
252980.0,4.0
289373.307692,3.0
210614.285714,3.0
308166.666667,3.0
534333.333333,3.0
416904.166667,3.0
203400.0,4.0
220600.0,3.0
